School,Student_Number,Grade_Level,Subject,Course Name,Course Number,Section,Teacher Number,Teadcher_Name,metric_domain,metric_name,metric_category,value,ap_manager_name,ap_manager_id
School 1,STU_7AAE76B6,5,HR,HR,HR,5TCNJ,TCH_4F19DB35,"Davenport, James",Attendance,ADA%,,76.0,Awesome AP 2,AP_987F9BF3
School 1,STU_3F537115,5,HR,HR,HR,5WillyP,TCH_785F4790,"Singleton, Yolanda",Attendance,ADA%,,76.0,Awesome AP 1,AP_12EEC59A
School 1,STU_7830FACE,5,HR,HR,HR,5Rutgers,TCH_68DC1895,"Thorne, Cedric",Attendance,ADA%,,76.0,Awesome AP 1,AP_12EEC59A
School 1,STU_5387FEE2,7,HR,HR,HR,7Brown,TCH_5C2EE62C,"Garrett, Simone",Attendance,ADA%,,76.0,Awesome AP 2,AP_987F9BF3
School 1,STU_D028EA59,8,HR,HR,HR,8Michigan,TCH_C7F77440,"Lawson, Gerald",Attendance,ADA%,,76.0,Awesome AP 3,AP_98D7BF59
School 1,STU_7D3836BB,8,HR,HR,HR,8Maryland,TCH_CE1AC804,"Rhodes, Leonard",Attendance,ADA%,,76.0,Awesome AP 3,AP_98D7BF59
School 1,STU_455D2B62,8,HR,HR,HR,8OhioState,TCH_E83A2D65,"Keane, Lorraine",Attendance,ADA%,,76.0,Awesome AP 3,AP_98D7BF59
School 1,STU_1A2F7A43,8,HR,HR,HR,8OhioState,TCH_E83A2D65,"Keane, Lorraine",Attendance,ADA%,,76.0,Awesome AP 3,AP_98D7BF59
School 1,STU_CF783B1B,8,HR,HR,HR,8PennSt,TCH_B0017323,"Whitfield, Sandra",Attendance,ADA%,,76.0,Awesome AP 3,AP_98D7BF59
School 1,STU_05133844,8,HR,HR,HR,8PennSt,TCH_B0017323,"Whitfield, Sandra",Attendance,ADA%,,76.0,Awesome AP 3,AP_98D7BF59
School 1,STU_8AE78356,5,HR,HR,HR,5NJCU,TCH_63F3D589,"Xavier, Darnell",Attendance,ADA%,,77.0,Awesome AP 1,AP_12EEC59A
School 1,STU_01F053FF,5,HR,HR,HR,5WillyP,TCH_785F4790,"Singleton, Yolanda",Attendance,ADA%,,77.0,Awesome AP 1,AP_12EEC59A
School 1,STU_5AE441A7,6,HR,HR,HR,6Lincoln,TCH_9B6C1DA4,"Hastings, Derek",Attendance,ADA%,,77.0,Awesome AP 1,AP_12EEC59A
School 1,STU_3E44EBA1,7,HR,HR,HR,7Columbia,TCH_DAD81779,"Ellison, Tamara",Attendance,ADA%,,77.0,Awesome AP 2,AP_987F9BF3
School 1,STU_4A18BC5A,7,HR,HR,HR,7Brown,TCH_5C2EE62C,"Garrett, Simone",Attendance,ADA%,,77.0,Awesome AP 2,AP_987F9BF3
School 1,STU_AE6F784C,8,HR,HR,HR,8Maryland,TCH_CE1AC804,"Rhodes, Leonard",Attendance,ADA%,,77.0,Awesome AP 3,AP_98D7BF59
School 1,STU_E437FB8D,8,HR,HR,HR,8Maryland,TCH_CE1AC804,"Rhodes, Leonard",Attendance,ADA%,,77.0,Awesome AP 3,AP_98D7BF59
School 1,STU_BC263E48,8,HR,HR,HR,8OhioState,TCH_E83A2D65,"Keane, Lorraine",Attendance,ADA%,,77.0,Awesome AP 3,AP_98D7BF59
School 1,STU_7ECBE6FD,8,HR,HR,HR,8OhioState,TCH_E83A2D65,"Keane, Lorraine",Attendance,ADA%,,77.0,Awesome AP 3,AP_98D7BF59
School 1,STU_6B97754D,5,HR,HR,HR,5WillyP,TCH_785F4790,"Singleton, Yolanda",Attendance,ADA%,,78.0,Awesome AP 1,AP_12EEC59A
School 1,STU_248CA700,5,HR,HR,HR,5WillyP,TCH_785F4790,"Singleton, Yolanda",Attendance,ADA%,,78.0,Awesome AP 1,AP_12EEC59A
School 1,STU_DEA75598,6,HR,HR,HR,6Howard,TCH_64CDE3C3,"Prentiss, Howard",Attendance,ADA%,,78.0,Awesome AP 1,AP_12EEC59A
School 1,STU_D757359A,6,HR,HR,HR,6Howard,TCH_64CDE3C3,"Prentiss, Howard",Attendance,ADA%,,78.0,Awesome AP 1,AP_12EEC59A
School 1,STU_CB0555B1,7,HR,HR,HR,7Upenn,TCH_BD08E45A,"Vance, Reginald",Attendance,ADA%,,78.0,Awesome AP 2,AP_987F9BF3
School 1,STU_7CC9E511,7,HR,HR,HR,7Princeton,TCH_3CD6786A,"Crane, Dominique",Attendance,ADA%,,78.0,Awesome AP 2,AP_987F9BF3
School 1,STU_FB5A4AB3,8,HR,HR,HR,8OhioState,TCH_E83A2D65,"Keane, Lorraine",Attendance,ADA%,,78.0,Awesome AP 3,AP_98D7BF59
School 1,STU_AB46A044,5,HR,HR,HR,5TCNJ,TCH_4F19DB35,"Davenport, James",Attendance,ADA%,,79.0,Awesome AP 2,AP_987F9BF3
School 1,STU_41500C81,5,HR,HR,HR,5WillyP,TCH_785F4790,"Singleton, Yolanda",Attendance,ADA%,,79.0,Awesome AP 1,AP_12EEC59A
School 1,STU_3FC33139,5,HR,HR,HR,5Rutgers,TCH_68DC1895,"Thorne, Cedric",Attendance,ADA%,,79.0,Awesome AP 1,AP_12EEC59A
School 1,STU_747E8F0C,6,HR,HR,HR,6Howard,TCH_64CDE3C3,"Prentiss, Howard",Attendance,ADA%,,79.0,Awesome AP 1,AP_12EEC59A
School 1,STU_B532AB09,6,HR,HR,HR,6Spelhouse,TCH_64CDE3C3,"Prentiss, Howard",Attendance,ADA%,,79.0,Awesome AP 1,AP_12EEC59A
School 1,STU_BD07C819,6,HR,HR,HR,6Lincoln,TCH_9B6C1DA4,"Hastings, Derek",Attendance,ADA%,,79.0,Awesome AP 1,AP_12EEC59A
School 1,STU_D757683E,7,HR,HR,HR,7Columbia,TCH_DAD81779,"Ellison, Tamara",Attendance,ADA%,,79.0,Awesome AP 2,AP_987F9BF3
School 1,STU_BE160DF1,8,HR,HR,HR,8Maryland,TCH_CE1AC804,"Rhodes, Leonard",Attendance,ADA%,,79.0,Awesome AP 3,AP_98D7BF59
School 1,STU_26C469CD,8,HR,HR,HR,8Maryland,TCH_CE1AC804,"Rhodes, Leonard",Attendance,ADA%,,79.0,Awesome AP 3,AP_98D7BF59
School 1,STU_E525EDD2,8,HR,HR,HR,8OhioState,TCH_E83A2D65,"Keane, Lorraine",Attendance,ADA%,,79.0,Awesome AP 3,AP_98D7BF59
School 1,STU_0F1D970C,5,HR,HR,HR,5WillyP,TCH_785F4790,"Singleton, Yolanda",Attendance,ADA%,,80.0,Awesome AP 1,AP_12EEC59A
School 1,STU_CF7BE146,5,HR,HR,HR,5SOAR,TCH_14472D02,"Ingram, Valerie",Attendance,ADA%,,80.0,Awesome AP 1,AP_12EEC59A
School 1,STU_EB199897,6,HR,HR,HR,6Spelhouse,TCH_64CDE3C3,"Prentiss, Howard",Attendance,ADA%,,80.0,Awesome AP 1,AP_12EEC59A
School 1,STU_EDF86581,6,HR,HR,HR,6Lincoln,TCH_9B6C1DA4,"Hastings, Derek",Attendance,ADA%,,80.0,Awesome AP 1,AP_12EEC59A
School 1,STU_7B0F276E,6,HR,HR,HR,6MSU,TCH_50354BE2,"Zimmer, Franklin",Attendance,ADA%,,80.0,Awesome AP 1,AP_12EEC59A
School 1,STU_8500B714,7,HR,HR,HR,7Princeton,TCH_3CD6786A,"Crane, Dominique",Attendance,ADA%,,80.0,Awesome AP 2,AP_987F9BF3
School 1,STU_079C0C46,5,HR,HR,HR,5NJCU,TCH_63F3D589,"Xavier, Darnell",Attendance,ADA%,,81.0,Awesome AP 1,AP_12EEC59A
School 1,STU_8659300B,5,HR,HR,HR,5TCNJ,TCH_4F19DB35,"Davenport, James",Attendance,ADA%,,81.0,Awesome AP 2,AP_987F9BF3
School 1,STU_0DBA1361,5,HR,HR,HR,5WillyP,TCH_785F4790,"Singleton, Yolanda",Attendance,ADA%,,81.0,Awesome AP 1,AP_12EEC59A
School 1,STU_3D1C5C5B,5,HR,HR,HR,5Rutgers,TCH_68DC1895,"Thorne, Cedric",Attendance,ADA%,,81.0,Awesome AP 1,AP_12EEC59A
School 1,STU_A84152DA,5,HR,HR,HR,5Rutgers,TCH_68DC1895,"Thorne, Cedric",Attendance,ADA%,,81.0,Awesome AP 1,AP_12EEC59A
School 1,STU_55203120,6,HR,HR,HR,6Howard,TCH_64CDE3C3,"Prentiss, Howard",Attendance,ADA%,,81.0,Awesome AP 1,AP_12EEC59A
School 1,STU_88C083E1,6,HR,HR,HR,6Spelhouse,TCH_64CDE3C3,"Prentiss, Howard",Attendance,ADA%,,81.0,Awesome AP 1,AP_12EEC59A
School 1,STU_02814021,6,HR,HR,HR,6Spelhouse,TCH_64CDE3C3,"Prentiss, Howard",Attendance,ADA%,,81.0,Awesome AP 1,AP_12EEC59A
School 1,STU_A5F22EDE,6,HR,HR,HR,6Lincoln,TCH_9B6C1DA4,"Hastings, Derek",Attendance,ADA%,,81.0,Awesome AP 1,AP_12EEC59A
School 1,STU_5FBB494E,7,HR,HR,HR,7Columbia,TCH_DAD81779,"Ellison, Tamara",Attendance,ADA%,,81.0,Awesome AP 2,AP_987F9BF3
School 1,STU_0A916652,7,HR,HR,HR,7Brown,TCH_5C2EE62C,"Garrett, Simone",Attendance,ADA%,,81.0,Awesome AP 2,AP_987F9BF3
School 1,STU_D5E82619,7,HR,HR,HR,7Brown,TCH_5C2EE62C,"Garrett, Simone",Attendance,ADA%,,81.0,Awesome AP 2,AP_987F9BF3
School 1,STU_69B3A142,7,HR,HR,HR,7Princeton,TCH_3CD6786A,"Crane, Dominique",Attendance,ADA%,,81.0,Awesome AP 2,AP_987F9BF3
School 1,STU_FD998A72,8,HR,HR,HR,8Maryland,TCH_CE1AC804,"Rhodes, Leonard",Attendance,ADA%,,81.0,Awesome AP 3,AP_98D7BF59
School 1,STU_04A03468,5,HR,HR,HR,5NJCU,TCH_63F3D589,"Xavier, Darnell",Attendance,ADA%,,82.0,Awesome AP 1,AP_12EEC59A
School 1,STU_66DEFFF1,5,HR,HR,HR,5WillyP,TCH_785F4790,"Singleton, Yolanda",Attendance,ADA%,,82.0,Awesome AP 1,AP_12EEC59A
School 1,STU_08C8E494,6,HR,HR,HR,6Howard,TCH_64CDE3C3,"Prentiss, Howard",Attendance,ADA%,,82.0,Awesome AP 1,AP_12EEC59A
School 1,STU_5C0BC554,6,HR,HR,HR,6Spelhouse,TCH_64CDE3C3,"Prentiss, Howard",Attendance,ADA%,,82.0,Awesome AP 1,AP_12EEC59A
School 1,STU_93A0453C,6,HR,HR,HR,6Lincoln,TCH_9B6C1DA4,"Hastings, Derek",Attendance,ADA%,,82.0,Awesome AP 1,AP_12EEC59A
School 1,STU_A5655F1E,6,HR,HR,HR,6Lincoln,TCH_9B6C1DA4,"Hastings, Derek",Attendance,ADA%,,82.0,Awesome AP 1,AP_12EEC59A
School 1,STU_8C4AAA97,6,HR,HR,HR,6MSU,TCH_50354BE2,"Zimmer, Franklin",Attendance,ADA%,,82.0,Awesome AP 1,AP_12EEC59A
School 1,STU_70FAAA6A,7,HR,HR,HR,7Columbia,TCH_DAD81779,"Ellison, Tamara",Attendance,ADA%,,82.0,Awesome AP 2,AP_987F9BF3
School 1,STU_4E887DB8,7,HR,HR,HR,7Brown,TCH_5C2EE62C,"Garrett, Simone",Attendance,ADA%,,82.0,Awesome AP 2,AP_987F9BF3
School 1,STU_87F579B4,7,HR,HR,HR,7Princeton,TCH_3CD6786A,"Crane, Dominique",Attendance,ADA%,,82.0,Awesome AP 2,AP_987F9BF3
School 1,STU_1E6CC46C,8,HR,HR,HR,8Michigan,TCH_C7F77440,"Lawson, Gerald",Attendance,ADA%,,82.0,Awesome AP 3,AP_98D7BF59
School 1,STU_828BF608,8,HR,HR,HR,8Maryland,TCH_CE1AC804,"Rhodes, Leonard",Attendance,ADA%,,82.0,Awesome AP 3,AP_98D7BF59
School 1,STU_8F704E00,8,HR,HR,HR,8PennSt,TCH_B0017323,"Whitfield, Sandra",Attendance,ADA%,,82.0,Awesome AP 3,AP_98D7BF59
School 1,STU_A099F3CC,5,HR,HR,HR,5TCNJ,TCH_4F19DB35,"Davenport, James",Attendance,ADA%,,83.0,Awesome AP 2,AP_987F9BF3
School 1,STU_7F0549C1,5,HR,HR,HR,5Rutgers,TCH_68DC1895,"Thorne, Cedric",Attendance,ADA%,,83.0,Awesome AP 1,AP_12EEC59A
School 1,STU_55504572,6,HR,HR,HR,6Howard,TCH_64CDE3C3,"Prentiss, Howard",Attendance,ADA%,,83.0,Awesome AP 1,AP_12EEC59A
School 1,STU_7C03FE17,6,HR,HR,HR,6Howard,TCH_64CDE3C3,"Prentiss, Howard",Attendance,ADA%,,83.0,Awesome AP 1,AP_12EEC59A
School 1,STU_EB4F56B9,7,HR,HR,HR,7Brown,TCH_5C2EE62C,"Garrett, Simone",Attendance,ADA%,,83.0,Awesome AP 2,AP_987F9BF3
School 1,STU_F508072E,7,HR,HR,HR,7Brown,TCH_5C2EE62C,"Garrett, Simone",Attendance,ADA%,,83.0,Awesome AP 2,AP_987F9BF3
School 1,STU_B0474811,7,HR,HR,HR,7Princeton,TCH_3CD6786A,"Crane, Dominique",Attendance,ADA%,,83.0,Awesome AP 2,AP_987F9BF3
School 1,STU_68DB771C,8,HR,HR,HR,8PennSt,TCH_B0017323,"Whitfield, Sandra",Attendance,ADA%,,83.0,Awesome AP 3,AP_98D7BF59
School 1,STU_3A4EE9C9,5,HR,HR,HR,5TCNJ,TCH_4F19DB35,"Davenport, James",Attendance,ADA%,,84.0,Awesome AP 2,AP_987F9BF3
School 1,STU_C5F293E5,5,HR,HR,HR,5SOAR,TCH_14472D02,"Ingram, Valerie",Attendance,ADA%,,84.0,Awesome AP 1,AP_12EEC59A
School 1,STU_CEF02AC4,8,HR,HR,HR,8Michigan,TCH_C7F77440,"Lawson, Gerald",Attendance,ADA%,,84.0,Awesome AP 3,AP_98D7BF59
School 1,STU_EE9B5D24,8,HR,HR,HR,8Michigan,TCH_C7F77440,"Lawson, Gerald",Attendance,ADA%,,84.0,Awesome AP 3,AP_98D7BF59
School 1,STU_E794E8F7,5,HR,HR,HR,5NJCU,TCH_63F3D589,"Xavier, Darnell",Attendance,ADA%,,85.0,Awesome AP 1,AP_12EEC59A
School 1,STU_3E0BC3ED,6,HR,HR,HR,6Spelhouse,TCH_64CDE3C3,"Prentiss, Howard",Attendance,ADA%,,85.0,Awesome AP 1,AP_12EEC59A
School 1,STU_8A0D38E1,6,HR,HR,HR,6Spelhouse,TCH_64CDE3C3,"Prentiss, Howard",Attendance,ADA%,,85.0,Awesome AP 1,AP_12EEC59A
School 1,STU_FEFBA358,7,HR,HR,HR,7Columbia,TCH_DAD81779,"Ellison, Tamara",Attendance,ADA%,,85.0,Awesome AP 2,AP_987F9BF3
School 1,STU_5A01224E,7,HR,HR,HR,7Upenn,TCH_BD08E45A,"Vance, Reginald",Attendance,ADA%,,85.0,Awesome AP 2,AP_987F9BF3
School 1,STU_C26BC18A,8,HR,HR,HR,8Michigan,TCH_C7F77440,"Lawson, Gerald",Attendance,ADA%,,85.0,Awesome AP 3,AP_98D7BF59
School 1,STU_C5013AB2,5,HR,HR,HR,5NJCU,TCH_63F3D589,"Xavier, Darnell",Attendance,ADA%,,86.0,Awesome AP 1,AP_12EEC59A
School 1,STU_B4A925C7,5,HR,HR,HR,5TCNJ,TCH_4F19DB35,"Davenport, James",Attendance,ADA%,,86.0,Awesome AP 2,AP_987F9BF3
School 1,STU_56EF9665,6,HR,HR,HR,6Howard,TCH_64CDE3C3,"Prentiss, Howard",Attendance,ADA%,,86.0,Awesome AP 1,AP_12EEC59A
School 1,STU_432F7985,7,HR,HR,HR,7Columbia,TCH_DAD81779,"Ellison, Tamara",Attendance,ADA%,,86.0,Awesome AP 2,AP_987F9BF3
School 1,STU_F17195B2,7,HR,HR,HR,7Princeton,TCH_3CD6786A,"Crane, Dominique",Attendance,ADA%,,86.0,Awesome AP 2,AP_987F9BF3
School 1,STU_D8A8BB75,8,HR,HR,HR,8OhioState,TCH_E83A2D65,"Keane, Lorraine",Attendance,ADA%,,86.0,Awesome AP 3,AP_98D7BF59
School 1,STU_B8F16297,8,HR,HR,HR,8PennSt,TCH_B0017323,"Whitfield, Sandra",Attendance,ADA%,,86.0,Awesome AP 3,AP_98D7BF59
School 1,STU_E9A214EA,8,HR,HR,HR,8PennSt,TCH_B0017323,"Whitfield, Sandra",Attendance,ADA%,,86.0,Awesome AP 3,AP_98D7BF59
School 1,STU_061856C0,5,HR,HR,HR,5NJCU,TCH_63F3D589,"Xavier, Darnell",Attendance,ADA%,,87.0,Awesome AP 1,AP_12EEC59A
School 1,STU_94887D5D,5,HR,HR,HR,5WillyP,TCH_785F4790,"Singleton, Yolanda",Attendance,ADA%,,87.0,Awesome AP 1,AP_12EEC59A
School 1,STU_6D7EA31C,6,HR,HR,HR,6Howard,TCH_64CDE3C3,"Prentiss, Howard",Attendance,ADA%,,87.0,Awesome AP 1,AP_12EEC59A
School 1,STU_6B8649D3,6,HR,HR,HR,6Spelhouse,TCH_64CDE3C3,"Prentiss, Howard",Attendance,ADA%,,87.0,Awesome AP 1,AP_12EEC59A
School 1,STU_389EA52C,6,HR,HR,HR,6Lincoln,TCH_9B6C1DA4,"Hastings, Derek",Attendance,ADA%,,87.0,Awesome AP 1,AP_12EEC59A
School 1,STU_ADBE3B5E,6,HR,HR,HR,6MSU,TCH_50354BE2,"Zimmer, Franklin",Attendance,ADA%,,87.0,Awesome AP 1,AP_12EEC59A
School 1,STU_9F492016,7,HR,HR,HR,7Upenn,TCH_BD08E45A,"Vance, Reginald",Attendance,ADA%,,87.0,Awesome AP 2,AP_987F9BF3
School 1,STU_DCDAE3AD,7,HR,HR,HR,7Upenn,TCH_BD08E45A,"Vance, Reginald",Attendance,ADA%,,87.0,Awesome AP 2,AP_987F9BF3
School 1,STU_286A015A,7,HR,HR,HR,7Brown,TCH_5C2EE62C,"Garrett, Simone",Attendance,ADA%,,87.0,Awesome AP 2,AP_987F9BF3
School 1,STU_AA802B2D,7,HR,HR,HR,7Brown,TCH_5C2EE62C,"Garrett, Simone",Attendance,ADA%,,87.0,Awesome AP 2,AP_987F9BF3
School 1,STU_4C4088FE,7,HR,HR,HR,7Brown,TCH_5C2EE62C,"Garrett, Simone",Attendance,ADA%,,87.0,Awesome AP 2,AP_987F9BF3
School 1,STU_7E3EB045,7,HR,HR,HR,7Princeton,TCH_3CD6786A,"Crane, Dominique",Attendance,ADA%,,87.0,Awesome AP 2,AP_987F9BF3
School 1,STU_EB10647A,7,HR,HR,HR,7Princeton,TCH_3CD6786A,"Crane, Dominique",Attendance,ADA%,,87.0,Awesome AP 2,AP_987F9BF3
School 1,STU_842FB673,8,HR,HR,HR,8Michigan,TCH_C7F77440,"Lawson, Gerald",Attendance,ADA%,,87.0,Awesome AP 3,AP_98D7BF59
School 1,STU_57D3CDF9,8,HR,HR,HR,8OhioState,TCH_E83A2D65,"Keane, Lorraine",Attendance,ADA%,,87.0,Awesome AP 3,AP_98D7BF59
School 1,STU_021A7936,5,HR,HR,HR,5SOAR,TCH_14472D02,"Ingram, Valerie",Attendance,ADA%,,88.0,Awesome AP 1,AP_12EEC59A
School 1,STU_631D48A8,5,HR,HR,HR,5SOAR,TCH_14472D02,"Ingram, Valerie",Attendance,ADA%,,88.0,Awesome AP 1,AP_12EEC59A
School 1,STU_6588DB00,6,HR,HR,HR,6MSU,TCH_50354BE2,"Zimmer, Franklin",Attendance,ADA%,,88.0,Awesome AP 1,AP_12EEC59A
School 1,STU_A2B39686,6,HR,HR,HR,6MSU,TCH_50354BE2,"Zimmer, Franklin",Attendance,ADA%,,88.0,Awesome AP 1,AP_12EEC59A
School 1,STU_FF2584A8,6,HR,HR,HR,6MSU,TCH_50354BE2,"Zimmer, Franklin",Attendance,ADA%,,88.0,Awesome AP 1,AP_12EEC59A
School 1,STU_BE8BDA23,6,HR,HR,HR,6MSU,TCH_50354BE2,"Zimmer, Franklin",Attendance,ADA%,,88.0,Awesome AP 1,AP_12EEC59A
School 1,STU_85D3440E,8,HR,HR,HR,8Michigan,TCH_C7F77440,"Lawson, Gerald",Attendance,ADA%,,88.0,Awesome AP 3,AP_98D7BF59
School 1,STU_4588D877,5,HR,HR,HR,5NJCU,TCH_63F3D589,"Xavier, Darnell",Attendance,ADA%,,89.0,Awesome AP 1,AP_12EEC59A
School 1,STU_35A67595,5,HR,HR,HR,5TCNJ,TCH_4F19DB35,"Davenport, James",Attendance,ADA%,,89.0,Awesome AP 2,AP_987F9BF3
School 1,STU_FB4C0337,5,HR,HR,HR,5WillyP,TCH_785F4790,"Singleton, Yolanda",Attendance,ADA%,,89.0,Awesome AP 1,AP_12EEC59A
School 1,STU_AB052B27,5,HR,HR,HR,5Rutgers,TCH_68DC1895,"Thorne, Cedric",Attendance,ADA%,,89.0,Awesome AP 1,AP_12EEC59A
School 1,STU_37A60EA2,6,HR,HR,HR,6Howard,TCH_64CDE3C3,"Prentiss, Howard",Attendance,ADA%,,89.0,Awesome AP 1,AP_12EEC59A
School 1,STU_09D93364,6,HR,HR,HR,6Spelhouse,TCH_64CDE3C3,"Prentiss, Howard",Attendance,ADA%,,89.0,Awesome AP 1,AP_12EEC59A
School 1,STU_A78618F3,7,HR,HR,HR,7Upenn,TCH_BD08E45A,"Vance, Reginald",Attendance,ADA%,,89.0,Awesome AP 2,AP_987F9BF3
School 1,STU_1AE7C45B,8,HR,HR,HR,8Michigan,TCH_C7F77440,"Lawson, Gerald",Attendance,ADA%,,89.0,Awesome AP 3,AP_98D7BF59
School 1,STU_0E6D2E6E,8,HR,HR,HR,8Michigan,TCH_C7F77440,"Lawson, Gerald",Attendance,ADA%,,89.0,Awesome AP 3,AP_98D7BF59
School 1,STU_66D07F24,8,HR,HR,HR,8Maryland,TCH_CE1AC804,"Rhodes, Leonard",Attendance,ADA%,,89.0,Awesome AP 3,AP_98D7BF59
School 1,STU_5F8B9786,8,HR,HR,HR,8Maryland,TCH_CE1AC804,"Rhodes, Leonard",Attendance,ADA%,,89.0,Awesome AP 3,AP_98D7BF59
School 1,STU_6E2B1171,5,HR,HR,HR,5TCNJ,TCH_4F19DB35,"Davenport, James",Attendance,ADA%,,90.0,Awesome AP 2,AP_987F9BF3
School 1,STU_AE97C9A2,5,HR,HR,HR,5Rutgers,TCH_68DC1895,"Thorne, Cedric",Attendance,ADA%,,90.0,Awesome AP 1,AP_12EEC59A
School 1,STU_BB8C0694,6,HR,HR,HR,6Howard,TCH_64CDE3C3,"Prentiss, Howard",Attendance,ADA%,,90.0,Awesome AP 1,AP_12EEC59A
School 1,STU_8642046D,6,HR,HR,HR,6Howard,TCH_64CDE3C3,"Prentiss, Howard",Attendance,ADA%,,90.0,Awesome AP 1,AP_12EEC59A
School 1,STU_31A11F29,6,HR,HR,HR,6Lincoln,TCH_9B6C1DA4,"Hastings, Derek",Attendance,ADA%,,90.0,Awesome AP 1,AP_12EEC59A
School 1,STU_86AB6309,7,HR,HR,HR,7Upenn,TCH_BD08E45A,"Vance, Reginald",Attendance,ADA%,,90.0,Awesome AP 2,AP_987F9BF3
School 1,STU_D2DD5459,7,HR,HR,HR,7Brown,TCH_5C2EE62C,"Garrett, Simone",Attendance,ADA%,,90.0,Awesome AP 2,AP_987F9BF3
School 1,STU_EB9E1EA7,8,HR,HR,HR,8PennSt,TCH_B0017323,"Whitfield, Sandra",Attendance,ADA%,,90.0,Awesome AP 3,AP_98D7BF59
School 1,STU_83C73E9C,5,HR,HR,HR,5NJCU,TCH_63F3D589,"Xavier, Darnell",Attendance,ADA%,,,Awesome AP 1,AP_12EEC59A
School 1,STU_A1EA292C,5,HR,HR,HR,5NJCU,TCH_63F3D589,"Xavier, Darnell",Attendance,ADA%,,,Awesome AP 1,AP_12EEC59A
School 1,STU_9A439972,5,HR,HR,HR,5NJCU,TCH_63F3D589,"Xavier, Darnell",Attendance,ADA%,,,Awesome AP 1,AP_12EEC59A
School 1,STU_20ABF1A1,5,HR,HR,HR,5NJCU,TCH_63F3D589,"Xavier, Darnell",Attendance,ADA%,,,Awesome AP 1,AP_12EEC59A
School 1,STU_50379A4D,5,HR,HR,HR,5NJCU,TCH_63F3D589,"Xavier, Darnell",Attendance,ADA%,,,Awesome AP 1,AP_12EEC59A
School 1,STU_EA3EEF76,5,HR,HR,HR,5NJCU,TCH_63F3D589,"Xavier, Darnell",Attendance,ADA%,,,Awesome AP 1,AP_12EEC59A
School 1,STU_F43E2778,5,HR,HR,HR,5NJCU,TCH_63F3D589,"Xavier, Darnell",Attendance,ADA%,,,Awesome AP 1,AP_12EEC59A
School 1,STU_B9A7E7C6,5,HR,HR,HR,5NJCU,TCH_63F3D589,"Xavier, Darnell",Attendance,ADA%,,,Awesome AP 1,AP_12EEC59A
School 1,STU_2A3AD2A3,5,HR,HR,HR,5NJCU,TCH_63F3D589,"Xavier, Darnell",Attendance,ADA%,,,Awesome AP 1,AP_12EEC59A
School 1,STU_A4AA7BB4,5,HR,HR,HR,5NJCU,TCH_63F3D589,"Xavier, Darnell",Attendance,ADA%,,,Awesome AP 1,AP_12EEC59A
School 1,STU_A174E818,5,HR,HR,HR,5NJCU,TCH_63F3D589,"Xavier, Darnell",Attendance,ADA%,,,Awesome AP 1,AP_12EEC59A
School 1,STU_C15583CC,5,HR,HR,HR,5NJCU,TCH_63F3D589,"Xavier, Darnell",Attendance,ADA%,,,Awesome AP 1,AP_12EEC59A
School 1,STU_EB679BCC,5,HR,HR,HR,5NJCU,TCH_63F3D589,"Xavier, Darnell",Attendance,ADA%,,,Awesome AP 1,AP_12EEC59A
School 1,STU_1433F565,5,HR,HR,HR,5NJCU,TCH_63F3D589,"Xavier, Darnell",Attendance,ADA%,,,Awesome AP 1,AP_12EEC59A
School 1,STU_CDF398F1,5,HR,HR,HR,5NJCU,TCH_63F3D589,"Xavier, Darnell",Attendance,ADA%,,,Awesome AP 1,AP_12EEC59A
School 1,STU_C208CB48,5,HR,HR,HR,5NJCU,TCH_63F3D589,"Xavier, Darnell",Attendance,ADA%,,,Awesome AP 1,AP_12EEC59A
School 1,STU_EA212651,5,HR,HR,HR,5NJCU,TCH_63F3D589,"Xavier, Darnell",Attendance,ADA%,,,Awesome AP 1,AP_12EEC59A
School 1,STU_F47B0461,5,HR,HR,HR,5NJCU,TCH_63F3D589,"Xavier, Darnell",Attendance,ADA%,,,Awesome AP 1,AP_12EEC59A
School 1,STU_DAD23522,5,HR,HR,HR,5TCNJ,TCH_4F19DB35,"Davenport, James",Attendance,ADA%,,,Awesome AP 2,AP_987F9BF3
School 1,STU_01B6A9D1,5,HR,HR,HR,5TCNJ,TCH_4F19DB35,"Davenport, James",Attendance,ADA%,,,Awesome AP 2,AP_987F9BF3
School 1,STU_FEE60D14,5,HR,HR,HR,5TCNJ,TCH_4F19DB35,"Davenport, James",Attendance,ADA%,,,Awesome AP 2,AP_987F9BF3
School 1,STU_0C8D07F6,5,HR,HR,HR,5TCNJ,TCH_4F19DB35,"Davenport, James",Attendance,ADA%,,,Awesome AP 2,AP_987F9BF3
School 1,STU_535CF73A,5,HR,HR,HR,5TCNJ,TCH_4F19DB35,"Davenport, James",Attendance,ADA%,,,Awesome AP 2,AP_987F9BF3
School 1,STU_E406A9AC,5,HR,HR,HR,5TCNJ,TCH_4F19DB35,"Davenport, James",Attendance,ADA%,,,Awesome AP 2,AP_987F9BF3
School 1,STU_9E5625B3,5,HR,HR,HR,5TCNJ,TCH_4F19DB35,"Davenport, James",Attendance,ADA%,,,Awesome AP 2,AP_987F9BF3
School 1,STU_837DAD08,5,HR,HR,HR,5TCNJ,TCH_4F19DB35,"Davenport, James",Attendance,ADA%,,,Awesome AP 2,AP_987F9BF3
School 1,STU_DE0D0040,5,HR,HR,HR,5TCNJ,TCH_4F19DB35,"Davenport, James",Attendance,ADA%,,,Awesome AP 2,AP_987F9BF3
School 1,STU_3A1140F4,5,HR,HR,HR,5TCNJ,TCH_4F19DB35,"Davenport, James",Attendance,ADA%,,,Awesome AP 2,AP_987F9BF3
School 1,STU_299E1ED0,5,HR,HR,HR,5WillyP,TCH_785F4790,"Singleton, Yolanda",Attendance,ADA%,,,Awesome AP 1,AP_12EEC59A
School 1,STU_F6BC1FEE,5,HR,HR,HR,5WillyP,TCH_785F4790,"Singleton, Yolanda",Attendance,ADA%,,,Awesome AP 1,AP_12EEC59A
School 1,STU_90A5F72E,5,HR,HR,HR,5WillyP,TCH_785F4790,"Singleton, Yolanda",Attendance,ADA%,,,Awesome AP 1,AP_12EEC59A
School 1,STU_6F001BC5,5,HR,HR,HR,5WillyP,TCH_785F4790,"Singleton, Yolanda",Attendance,ADA%,,,Awesome AP 1,AP_12EEC59A
School 1,STU_3D3A1FC7,5,HR,HR,HR,5WillyP,TCH_785F4790,"Singleton, Yolanda",Attendance,ADA%,,,Awesome AP 1,AP_12EEC59A
School 1,STU_74B4DFE5,5,HR,HR,HR,5WillyP,TCH_785F4790,"Singleton, Yolanda",Attendance,ADA%,,,Awesome AP 1,AP_12EEC59A
School 1,STU_84340B5C,5,HR,HR,HR,5WillyP,TCH_785F4790,"Singleton, Yolanda",Attendance,ADA%,,,Awesome AP 1,AP_12EEC59A
School 1,STU_890D8BB3,5,HR,HR,HR,5WillyP,TCH_785F4790,"Singleton, Yolanda",Attendance,ADA%,,,Awesome AP 1,AP_12EEC59A
School 1,STU_A390C7D1,5,HR,HR,HR,5WillyP,TCH_785F4790,"Singleton, Yolanda",Attendance,ADA%,,,Awesome AP 1,AP_12EEC59A
School 1,STU_84AF2B96,5,HR,HR,HR,5WillyP,TCH_785F4790,"Singleton, Yolanda",Attendance,ADA%,,,Awesome AP 1,AP_12EEC59A
School 1,STU_1C453C0D,5,HR,HR,HR,5WillyP,TCH_785F4790,"Singleton, Yolanda",Attendance,ADA%,,,Awesome AP 1,AP_12EEC59A
School 1,STU_49CC4933,5,HR,HR,HR,5WillyP,TCH_785F4790,"Singleton, Yolanda",Attendance,ADA%,,,Awesome AP 1,AP_12EEC59A
School 1,STU_CA7BCF18,5,HR,HR,HR,5WillyP,TCH_785F4790,"Singleton, Yolanda",Attendance,ADA%,,,Awesome AP 1,AP_12EEC59A
School 1,STU_77479C9D,5,HR,HR,HR,5WillyP,TCH_785F4790,"Singleton, Yolanda",Attendance,ADA%,,,Awesome AP 1,AP_12EEC59A
School 1,STU_33C744DF,5,HR,HR,HR,5Rutgers,TCH_68DC1895,"Thorne, Cedric",Attendance,ADA%,,,Awesome AP 1,AP_12EEC59A
School 1,STU_735D31EC,5,HR,HR,HR,5Rutgers,TCH_68DC1895,"Thorne, Cedric",Attendance,ADA%,,,Awesome AP 1,AP_12EEC59A
School 1,STU_5A1CE7C4,5,HR,HR,HR,5Rutgers,TCH_68DC1895,"Thorne, Cedric",Attendance,ADA%,,,Awesome AP 1,AP_12EEC59A
School 1,STU_C4AA3F58,5,HR,HR,HR,5Rutgers,TCH_68DC1895,"Thorne, Cedric",Attendance,ADA%,,,Awesome AP 1,AP_12EEC59A
School 1,STU_2F6E7F14,5,HR,HR,HR,5Rutgers,TCH_68DC1895,"Thorne, Cedric",Attendance,ADA%,,,Awesome AP 1,AP_12EEC59A
School 1,STU_9B4EDDBA,5,HR,HR,HR,5Rutgers,TCH_68DC1895,"Thorne, Cedric",Attendance,ADA%,,,Awesome AP 1,AP_12EEC59A
School 1,STU_08767C16,5,HR,HR,HR,5Rutgers,TCH_68DC1895,"Thorne, Cedric",Attendance,ADA%,,,Awesome AP 1,AP_12EEC59A
School 1,STU_916DB997,5,HR,HR,HR,5Rutgers,TCH_68DC1895,"Thorne, Cedric",Attendance,ADA%,,,Awesome AP 1,AP_12EEC59A
School 1,STU_5CF5D7E5,5,HR,HR,HR,5Rutgers,TCH_68DC1895,"Thorne, Cedric",Attendance,ADA%,,,Awesome AP 1,AP_12EEC59A
School 1,STU_C0003709,5,HR,HR,HR,5Rutgers,TCH_68DC1895,"Thorne, Cedric",Attendance,ADA%,,,Awesome AP 1,AP_12EEC59A
School 1,STU_707E680E,5,HR,HR,HR,5Rutgers,TCH_68DC1895,"Thorne, Cedric",Attendance,ADA%,,,Awesome AP 1,AP_12EEC59A
School 1,STU_0E318AD2,5,HR,HR,HR,5SOAR,TCH_14472D02,"Ingram, Valerie",Attendance,ADA%,,,Awesome AP 1,AP_12EEC59A
School 1,STU_37059374,5,HR,HR,HR,5SOAR,TCH_14472D02,"Ingram, Valerie",Attendance,ADA%,,,Awesome AP 1,AP_12EEC59A
School 1,STU_F3400A99,5,HR,HR,HR,5SOAR,TCH_14472D02,"Ingram, Valerie",Attendance,ADA%,,,Awesome AP 1,AP_12EEC59A
School 1,STU_8D80ED93,5,HR,HR,HR,5SOAR,TCH_14472D02,"Ingram, Valerie",Attendance,ADA%,,,Awesome AP 1,AP_12EEC59A
School 1,STU_E6DF5B71,6,HR,HR,HR,6Howard,TCH_64CDE3C3,"Prentiss, Howard",Attendance,ADA%,,,Awesome AP 1,AP_12EEC59A
School 1,STU_AD142462,6,HR,HR,HR,6Howard,TCH_64CDE3C3,"Prentiss, Howard",Attendance,ADA%,,,Awesome AP 1,AP_12EEC59A
School 1,STU_6B5ECD93,6,HR,HR,HR,6Howard,TCH_64CDE3C3,"Prentiss, Howard",Attendance,ADA%,,,Awesome AP 1,AP_12EEC59A
School 1,STU_F73ACE2B,6,HR,HR,HR,6Howard,TCH_64CDE3C3,"Prentiss, Howard",Attendance,ADA%,,,Awesome AP 1,AP_12EEC59A
School 1,STU_BB5A87D3,6,HR,HR,HR,6Howard,TCH_64CDE3C3,"Prentiss, Howard",Attendance,ADA%,,,Awesome AP 1,AP_12EEC59A
School 1,STU_774E90E4,6,HR,HR,HR,6Howard,TCH_64CDE3C3,"Prentiss, Howard",Attendance,ADA%,,,Awesome AP 1,AP_12EEC59A
School 1,STU_F4092E11,6,HR,HR,HR,6Howard,TCH_64CDE3C3,"Prentiss, Howard",Attendance,ADA%,,,Awesome AP 1,AP_12EEC59A
School 1,STU_FA8C6C4D,6,HR,HR,HR,6Howard,TCH_64CDE3C3,"Prentiss, Howard",Attendance,ADA%,,,Awesome AP 1,AP_12EEC59A
School 1,STU_A368171B,6,HR,HR,HR,6Howard,TCH_64CDE3C3,"Prentiss, Howard",Attendance,ADA%,,,Awesome AP 1,AP_12EEC59A
School 1,STU_772802A6,6,HR,HR,HR,6Howard,TCH_64CDE3C3,"Prentiss, Howard",Attendance,ADA%,,,Awesome AP 1,AP_12EEC59A
School 1,STU_B6DDA2F4,6,HR,HR,HR,6Howard,TCH_64CDE3C3,"Prentiss, Howard",Attendance,ADA%,,,Awesome AP 1,AP_12EEC59A
School 1,STU_3717807E,6,HR,HR,HR,6Spelhouse,TCH_64CDE3C3,"Prentiss, Howard",Attendance,ADA%,,,Awesome AP 1,AP_12EEC59A
School 1,STU_C17F2CBE,6,HR,HR,HR,6Spelhouse,TCH_64CDE3C3,"Prentiss, Howard",Attendance,ADA%,,,Awesome AP 1,AP_12EEC59A
School 1,STU_7D31E427,6,HR,HR,HR,6Spelhouse,TCH_64CDE3C3,"Prentiss, Howard",Attendance,ADA%,,,Awesome AP 1,AP_12EEC59A
School 1,STU_45949D2B,6,HR,HR,HR,6Spelhouse,TCH_64CDE3C3,"Prentiss, Howard",Attendance,ADA%,,,Awesome AP 1,AP_12EEC59A
School 1,STU_09FD4F7F,6,HR,HR,HR,6Spelhouse,TCH_64CDE3C3,"Prentiss, Howard",Attendance,ADA%,,,Awesome AP 1,AP_12EEC59A
School 1,STU_D7621DF8,6,HR,HR,HR,6Spelhouse,TCH_64CDE3C3,"Prentiss, Howard",Attendance,ADA%,,,Awesome AP 1,AP_12EEC59A
School 1,STU_BA529865,6,HR,HR,HR,6Spelhouse,TCH_64CDE3C3,"Prentiss, Howard",Attendance,ADA%,,,Awesome AP 1,AP_12EEC59A
School 1,STU_6B4FFFC3,6,HR,HR,HR,6Spelhouse,TCH_64CDE3C3,"Prentiss, Howard",Attendance,ADA%,,,Awesome AP 1,AP_12EEC59A
School 1,STU_FE3A48EC,6,HR,HR,HR,6Spelhouse,TCH_64CDE3C3,"Prentiss, Howard",Attendance,ADA%,,,Awesome AP 1,AP_12EEC59A
School 1,STU_C79AA397,6,HR,HR,HR,6Spelhouse,TCH_64CDE3C3,"Prentiss, Howard",Attendance,ADA%,,,Awesome AP 1,AP_12EEC59A
School 1,STU_26E46819,6,HR,HR,HR,6Spelhouse,TCH_64CDE3C3,"Prentiss, Howard",Attendance,ADA%,,,Awesome AP 1,AP_12EEC59A
School 1,STU_6071FED5,6,HR,HR,HR,6Spelhouse,TCH_64CDE3C3,"Prentiss, Howard",Attendance,ADA%,,,Awesome AP 1,AP_12EEC59A
School 1,STU_DDCD7EC1,6,HR,HR,HR,6Spelhouse,TCH_64CDE3C3,"Prentiss, Howard",Attendance,ADA%,,,Awesome AP 1,AP_12EEC59A
School 1,STU_A3CD7B6B,6,HR,HR,HR,6Spelhouse,TCH_64CDE3C3,"Prentiss, Howard",Attendance,ADA%,,,Awesome AP 1,AP_12EEC59A
School 1,STU_E0AEE8D2,6,HR,HR,HR,6Lincoln,TCH_9B6C1DA4,"Hastings, Derek",Attendance,ADA%,,,Awesome AP 1,AP_12EEC59A
School 1,STU_4959782A,6,HR,HR,HR,6Lincoln,TCH_9B6C1DA4,"Hastings, Derek",Attendance,ADA%,,,Awesome AP 1,AP_12EEC59A
School 1,STU_AC28D793,6,HR,HR,HR,6Lincoln,TCH_9B6C1DA4,"Hastings, Derek",Attendance,ADA%,,,Awesome AP 1,AP_12EEC59A
School 1,STU_C7B87D5D,6,HR,HR,HR,6Lincoln,TCH_9B6C1DA4,"Hastings, Derek",Attendance,ADA%,,,Awesome AP 1,AP_12EEC59A
School 1,STU_1E3076A2,6,HR,HR,HR,6Lincoln,TCH_9B6C1DA4,"Hastings, Derek",Attendance,ADA%,,,Awesome AP 1,AP_12EEC59A
School 1,STU_22EA3218,6,HR,HR,HR,6Lincoln,TCH_9B6C1DA4,"Hastings, Derek",Attendance,ADA%,,,Awesome AP 1,AP_12EEC59A
School 1,STU_7ACA68AF,6,HR,HR,HR,6Lincoln,TCH_9B6C1DA4,"Hastings, Derek",Attendance,ADA%,,,Awesome AP 1,AP_12EEC59A
School 1,STU_B8DF9912,6,HR,HR,HR,6Lincoln,TCH_9B6C1DA4,"Hastings, Derek",Attendance,ADA%,,,Awesome AP 1,AP_12EEC59A
School 1,STU_0D57CB16,6,HR,HR,HR,6Lincoln,TCH_9B6C1DA4,"Hastings, Derek",Attendance,ADA%,,,Awesome AP 1,AP_12EEC59A
School 1,STU_B82C249C,6,HR,HR,HR,6Lincoln,TCH_9B6C1DA4,"Hastings, Derek",Attendance,ADA%,,,Awesome AP 1,AP_12EEC59A
School 1,STU_BAEE0A73,6,HR,HR,HR,6Lincoln,TCH_9B6C1DA4,"Hastings, Derek",Attendance,ADA%,,,Awesome AP 1,AP_12EEC59A
School 1,STU_EA6DC31C,6,HR,HR,HR,6Lincoln,TCH_9B6C1DA4,"Hastings, Derek",Attendance,ADA%,,,Awesome AP 1,AP_12EEC59A
School 1,STU_C46C85E0,6,HR,HR,HR,6Lincoln,TCH_9B6C1DA4,"Hastings, Derek",Attendance,ADA%,,,Awesome AP 1,AP_12EEC59A
School 1,STU_6FBF9A5E,6,HR,HR,HR,6Lincoln,TCH_9B6C1DA4,"Hastings, Derek",Attendance,ADA%,,,Awesome AP 1,AP_12EEC59A
School 1,STU_829C6323,6,HR,HR,HR,6Lincoln,TCH_9B6C1DA4,"Hastings, Derek",Attendance,ADA%,,,Awesome AP 1,AP_12EEC59A
School 1,STU_9D186A0F,6,HR,HR,HR,6Lincoln,TCH_9B6C1DA4,"Hastings, Derek",Attendance,ADA%,,,Awesome AP 1,AP_12EEC59A
School 1,STU_8D257676,6,HR,HR,HR,6Lincoln,TCH_9B6C1DA4,"Hastings, Derek",Attendance,ADA%,,,Awesome AP 1,AP_12EEC59A
School 1,STU_5016F1EE,6,HR,HR,HR,6Lincoln,TCH_9B6C1DA4,"Hastings, Derek",Attendance,ADA%,,,Awesome AP 1,AP_12EEC59A
School 1,STU_C371F512,6,HR,HR,HR,6MSU,TCH_50354BE2,"Zimmer, Franklin",Attendance,ADA%,,,Awesome AP 1,AP_12EEC59A
School 1,STU_697810E7,6,HR,HR,HR,6MSU,TCH_50354BE2,"Zimmer, Franklin",Attendance,ADA%,,,Awesome AP 1,AP_12EEC59A
School 1,STU_4D878CF1,6,HR,HR,HR,6MSU,TCH_50354BE2,"Zimmer, Franklin",Attendance,ADA%,,,Awesome AP 1,AP_12EEC59A
School 1,STU_5910AC8C,6,HR,HR,HR,6MSU,TCH_50354BE2,"Zimmer, Franklin",Attendance,ADA%,,,Awesome AP 1,AP_12EEC59A
School 1,STU_52F24461,6,HR,HR,HR,6MSU,TCH_50354BE2,"Zimmer, Franklin",Attendance,ADA%,,,Awesome AP 1,AP_12EEC59A
School 1,STU_BC14539E,6,HR,HR,HR,6MSU,TCH_50354BE2,"Zimmer, Franklin",Attendance,ADA%,,,Awesome AP 1,AP_12EEC59A
School 1,STU_F5019328,6,HR,HR,HR,6MSU,TCH_50354BE2,"Zimmer, Franklin",Attendance,ADA%,,,Awesome AP 1,AP_12EEC59A
School 1,STU_76035817,6,HR,HR,HR,6MSU,TCH_50354BE2,"Zimmer, Franklin",Attendance,ADA%,,,Awesome AP 1,AP_12EEC59A
School 1,STU_AA6460DD,6,HR,HR,HR,6MSU,TCH_50354BE2,"Zimmer, Franklin",Attendance,ADA%,,,Awesome AP 1,AP_12EEC59A
School 1,STU_8B72D624,6,HR,HR,HR,6MSU,TCH_50354BE2,"Zimmer, Franklin",Attendance,ADA%,,,Awesome AP 1,AP_12EEC59A
School 1,STU_4D7EC5B9,6,HR,HR,HR,6MSU,TCH_50354BE2,"Zimmer, Franklin",Attendance,ADA%,,,Awesome AP 1,AP_12EEC59A
School 1,STU_3054F5C5,6,HR,HR,HR,6MSU,TCH_50354BE2,"Zimmer, Franklin",Attendance,ADA%,,,Awesome AP 1,AP_12EEC59A
School 1,STU_2008EA5E,6,HR,HR,HR,6MSU,TCH_50354BE2,"Zimmer, Franklin",Attendance,ADA%,,,Awesome AP 1,AP_12EEC59A
School 1,STU_28233FC9,6,HR,HR,HR,6MSU,TCH_50354BE2,"Zimmer, Franklin",Attendance,ADA%,,,Awesome AP 1,AP_12EEC59A
School 1,STU_FCE7BDD2,6,HR,HR,HR,6MSU,TCH_50354BE2,"Zimmer, Franklin",Attendance,ADA%,,,Awesome AP 1,AP_12EEC59A
School 1,STU_8D69F952,6,HR,HR,HR,6MSU,TCH_50354BE2,"Zimmer, Franklin",Attendance,ADA%,,,Awesome AP 1,AP_12EEC59A
School 1,STU_A81F0D2A,6,HR,HR,HR,6MSU,TCH_50354BE2,"Zimmer, Franklin",Attendance,ADA%,,,Awesome AP 1,AP_12EEC59A
School 1,STU_0760B79E,6,HR,HR,HR,6MSU,TCH_50354BE2,"Zimmer, Franklin",Attendance,ADA%,,,Awesome AP 1,AP_12EEC59A
School 1,STU_5B88C7B8,7,HR,HR,HR,7Columbia,TCH_DAD81779,"Ellison, Tamara",Attendance,ADA%,,,Awesome AP 2,AP_987F9BF3
School 1,STU_24024B13,7,HR,HR,HR,7Columbia,TCH_DAD81779,"Ellison, Tamara",Attendance,ADA%,,,Awesome AP 2,AP_987F9BF3
School 1,STU_3EAE68B2,7,HR,HR,HR,7Columbia,TCH_DAD81779,"Ellison, Tamara",Attendance,ADA%,,,Awesome AP 2,AP_987F9BF3
School 1,STU_4250067A,7,HR,HR,HR,7Columbia,TCH_DAD81779,"Ellison, Tamara",Attendance,ADA%,,,Awesome AP 2,AP_987F9BF3
School 1,STU_3B2E22D2,7,HR,HR,HR,7Columbia,TCH_DAD81779,"Ellison, Tamara",Attendance,ADA%,,,Awesome AP 2,AP_987F9BF3
School 1,STU_E7BBB1A8,7,HR,HR,HR,7Columbia,TCH_DAD81779,"Ellison, Tamara",Attendance,ADA%,,,Awesome AP 2,AP_987F9BF3
School 1,STU_88903372,7,HR,HR,HR,7Columbia,TCH_DAD81779,"Ellison, Tamara",Attendance,ADA%,,,Awesome AP 2,AP_987F9BF3
School 1,STU_7DFB1261,7,HR,HR,HR,7Columbia,TCH_DAD81779,"Ellison, Tamara",Attendance,ADA%,,,Awesome AP 2,AP_987F9BF3
School 1,STU_E97A44FA,7,HR,HR,HR,7Columbia,TCH_DAD81779,"Ellison, Tamara",Attendance,ADA%,,,Awesome AP 2,AP_987F9BF3
School 1,STU_F522E29F,7,HR,HR,HR,7Columbia,TCH_DAD81779,"Ellison, Tamara",Attendance,ADA%,,,Awesome AP 2,AP_987F9BF3
School 1,STU_95F9F9F6,7,HR,HR,HR,7Columbia,TCH_DAD81779,"Ellison, Tamara",Attendance,ADA%,,,Awesome AP 2,AP_987F9BF3
School 1,STU_5BDA7851,7,HR,HR,HR,7Columbia,TCH_DAD81779,"Ellison, Tamara",Attendance,ADA%,,,Awesome AP 2,AP_987F9BF3
School 1,STU_EF10B76E,7,HR,HR,HR,7Columbia,TCH_DAD81779,"Ellison, Tamara",Attendance,ADA%,,,Awesome AP 2,AP_987F9BF3
School 1,STU_4AC90BC0,7,HR,HR,HR,7Upenn,TCH_BD08E45A,"Vance, Reginald",Attendance,ADA%,,,Awesome AP 2,AP_987F9BF3
School 1,STU_FE77BB1D,7,HR,HR,HR,7Upenn,TCH_BD08E45A,"Vance, Reginald",Attendance,ADA%,,,Awesome AP 2,AP_987F9BF3
School 1,STU_E0E0767B,7,HR,HR,HR,7Upenn,TCH_BD08E45A,"Vance, Reginald",Attendance,ADA%,,,Awesome AP 2,AP_987F9BF3
School 1,STU_44287805,7,HR,HR,HR,7Upenn,TCH_BD08E45A,"Vance, Reginald",Attendance,ADA%,,,Awesome AP 2,AP_987F9BF3
School 1,STU_66D842D8,7,HR,HR,HR,7Upenn,TCH_BD08E45A,"Vance, Reginald",Attendance,ADA%,,,Awesome AP 2,AP_987F9BF3
School 1,STU_71BEC888,7,HR,HR,HR,7Upenn,TCH_BD08E45A,"Vance, Reginald",Attendance,ADA%,,,Awesome AP 2,AP_987F9BF3
School 1,STU_F02645D5,7,HR,HR,HR,7Upenn,TCH_BD08E45A,"Vance, Reginald",Attendance,ADA%,,,Awesome AP 2,AP_987F9BF3
School 1,STU_F2D62BE4,7,HR,HR,HR,7Upenn,TCH_BD08E45A,"Vance, Reginald",Attendance,ADA%,,,Awesome AP 2,AP_987F9BF3
School 1,STU_5A3718CD,7,HR,HR,HR,7Upenn,TCH_BD08E45A,"Vance, Reginald",Attendance,ADA%,,,Awesome AP 2,AP_987F9BF3
School 1,STU_3D806B96,7,HR,HR,HR,7Upenn,TCH_BD08E45A,"Vance, Reginald",Attendance,ADA%,,,Awesome AP 2,AP_987F9BF3
School 1,STU_2A368706,7,HR,HR,HR,7Upenn,TCH_BD08E45A,"Vance, Reginald",Attendance,ADA%,,,Awesome AP 2,AP_987F9BF3
School 1,STU_53D9D80C,7,HR,HR,HR,7Upenn,TCH_BD08E45A,"Vance, Reginald",Attendance,ADA%,,,Awesome AP 2,AP_987F9BF3
School 1,STU_98060810,7,HR,HR,HR,7Upenn,TCH_BD08E45A,"Vance, Reginald",Attendance,ADA%,,,Awesome AP 2,AP_987F9BF3
School 1,STU_134A565D,7,HR,HR,HR,7Upenn,TCH_BD08E45A,"Vance, Reginald",Attendance,ADA%,,,Awesome AP 2,AP_987F9BF3
School 1,STU_044A6B31,7,HR,HR,HR,7Upenn,TCH_BD08E45A,"Vance, Reginald",Attendance,ADA%,,,Awesome AP 2,AP_987F9BF3
School 1,STU_E206EE53,7,HR,HR,HR,7Upenn,TCH_BD08E45A,"Vance, Reginald",Attendance,ADA%,,,Awesome AP 2,AP_987F9BF3
School 1,STU_90DDC60C,7,HR,HR,HR,7Brown,TCH_5C2EE62C,"Garrett, Simone",Attendance,ADA%,,,Awesome AP 2,AP_987F9BF3
School 1,STU_B1C676A5,7,HR,HR,HR,7Brown,TCH_5C2EE62C,"Garrett, Simone",Attendance,ADA%,,,Awesome AP 2,AP_987F9BF3
School 1,STU_38050B83,7,HR,HR,HR,7Brown,TCH_5C2EE62C,"Garrett, Simone",Attendance,ADA%,,,Awesome AP 2,AP_987F9BF3
School 1,STU_B159BBD7,7,HR,HR,HR,7Brown,TCH_5C2EE62C,"Garrett, Simone",Attendance,ADA%,,,Awesome AP 2,AP_987F9BF3
School 1,STU_58B6BB5B,7,HR,HR,HR,7Brown,TCH_5C2EE62C,"Garrett, Simone",Attendance,ADA%,,,Awesome AP 2,AP_987F9BF3
School 1,STU_37F980CB,7,HR,HR,HR,7Brown,TCH_5C2EE62C,"Garrett, Simone",Attendance,ADA%,,,Awesome AP 2,AP_987F9BF3
School 1,STU_FAEE23CD,7,HR,HR,HR,7Brown,TCH_5C2EE62C,"Garrett, Simone",Attendance,ADA%,,,Awesome AP 2,AP_987F9BF3
School 1,STU_16A6A56E,7,HR,HR,HR,7Brown,TCH_5C2EE62C,"Garrett, Simone",Attendance,ADA%,,,Awesome AP 2,AP_987F9BF3
School 1,STU_50B86BCF,7,HR,HR,HR,7Brown,TCH_5C2EE62C,"Garrett, Simone",Attendance,ADA%,,,Awesome AP 2,AP_987F9BF3
School 1,STU_FFECADCF,7,HR,HR,HR,7Brown,TCH_5C2EE62C,"Garrett, Simone",Attendance,ADA%,,,Awesome AP 2,AP_987F9BF3
School 1,STU_8F28CF6D,7,HR,HR,HR,7Brown,TCH_5C2EE62C,"Garrett, Simone",Attendance,ADA%,,,Awesome AP 2,AP_987F9BF3
School 1,STU_8327395D,7,HR,HR,HR,7Brown,TCH_5C2EE62C,"Garrett, Simone",Attendance,ADA%,,,Awesome AP 2,AP_987F9BF3
School 1,STU_2A333C26,7,HR,HR,HR,7Brown,TCH_5C2EE62C,"Garrett, Simone",Attendance,ADA%,,,Awesome AP 2,AP_987F9BF3
School 1,STU_E7B2EF99,7,HR,HR,HR,7Brown,TCH_5C2EE62C,"Garrett, Simone",Attendance,ADA%,,,Awesome AP 2,AP_987F9BF3
School 1,STU_70E75912,7,HR,HR,HR,7Brown,TCH_5C2EE62C,"Garrett, Simone",Attendance,ADA%,,,Awesome AP 2,AP_987F9BF3
School 1,STU_14196139,7,HR,HR,HR,7Brown,TCH_5C2EE62C,"Garrett, Simone",Attendance,ADA%,,,Awesome AP 2,AP_987F9BF3
School 1,STU_6DDB1296,7,HR,HR,HR,7Brown,TCH_5C2EE62C,"Garrett, Simone",Attendance,ADA%,,,Awesome AP 2,AP_987F9BF3
School 1,STU_C0E87AB6,7,HR,HR,HR,7Princeton,TCH_3CD6786A,"Crane, Dominique",Attendance,ADA%,,,Awesome AP 2,AP_987F9BF3
School 1,STU_C6BD9EF6,7,HR,HR,HR,7Princeton,TCH_3CD6786A,"Crane, Dominique",Attendance,ADA%,,,Awesome AP 2,AP_987F9BF3
School 1,STU_2B15ACCC,7,HR,HR,HR,7Princeton,TCH_3CD6786A,"Crane, Dominique",Attendance,ADA%,,,Awesome AP 2,AP_987F9BF3
School 1,STU_F44D0FA0,7,HR,HR,HR,7Princeton,TCH_3CD6786A,"Crane, Dominique",Attendance,ADA%,,,Awesome AP 2,AP_987F9BF3
School 1,STU_6278238A,7,HR,HR,HR,7Princeton,TCH_3CD6786A,"Crane, Dominique",Attendance,ADA%,,,Awesome AP 2,AP_987F9BF3
School 1,STU_47ECAA6F,7,HR,HR,HR,7Princeton,TCH_3CD6786A,"Crane, Dominique",Attendance,ADA%,,,Awesome AP 2,AP_987F9BF3
School 1,STU_30D91470,7,HR,HR,HR,7Princeton,TCH_3CD6786A,"Crane, Dominique",Attendance,ADA%,,,Awesome AP 2,AP_987F9BF3
School 1,STU_8C449C27,7,HR,HR,HR,7Princeton,TCH_3CD6786A,"Crane, Dominique",Attendance,ADA%,,,Awesome AP 2,AP_987F9BF3
School 1,STU_D57FE7EB,7,HR,HR,HR,7Princeton,TCH_3CD6786A,"Crane, Dominique",Attendance,ADA%,,,Awesome AP 2,AP_987F9BF3
School 1,STU_607A7524,7,HR,HR,HR,7Princeton,TCH_3CD6786A,"Crane, Dominique",Attendance,ADA%,,,Awesome AP 2,AP_987F9BF3
School 1,STU_ACC4F89B,7,HR,HR,HR,7Princeton,TCH_3CD6786A,"Crane, Dominique",Attendance,ADA%,,,Awesome AP 2,AP_987F9BF3
School 1,STU_8BBD7DE2,7,HR,HR,HR,7Princeton,TCH_3CD6786A,"Crane, Dominique",Attendance,ADA%,,,Awesome AP 2,AP_987F9BF3
School 1,STU_639A0BE7,7,HR,HR,HR,7Princeton,TCH_3CD6786A,"Crane, Dominique",Attendance,ADA%,,,Awesome AP 2,AP_987F9BF3
School 1,STU_A1BF041C,8,HR,HR,HR,8Michigan,TCH_C7F77440,"Lawson, Gerald",Attendance,ADA%,,,Awesome AP 3,AP_98D7BF59
School 1,STU_FD5C15B6,8,HR,HR,HR,8Michigan,TCH_C7F77440,"Lawson, Gerald",Attendance,ADA%,,,Awesome AP 3,AP_98D7BF59
School 1,STU_CF668540,8,HR,HR,HR,8Michigan,TCH_C7F77440,"Lawson, Gerald",Attendance,ADA%,,,Awesome AP 3,AP_98D7BF59
School 1,STU_0C925504,8,HR,HR,HR,8Michigan,TCH_C7F77440,"Lawson, Gerald",Attendance,ADA%,,,Awesome AP 3,AP_98D7BF59
School 1,STU_B9CB8D65,8,HR,HR,HR,8Michigan,TCH_C7F77440,"Lawson, Gerald",Attendance,ADA%,,,Awesome AP 3,AP_98D7BF59
School 1,STU_1B6796B4,8,HR,HR,HR,8Michigan,TCH_C7F77440,"Lawson, Gerald",Attendance,ADA%,,,Awesome AP 3,AP_98D7BF59
School 1,STU_410450FF,8,HR,HR,HR,8Michigan,TCH_C7F77440,"Lawson, Gerald",Attendance,ADA%,,,Awesome AP 3,AP_98D7BF59
School 1,STU_D1A731EA,8,HR,HR,HR,8Michigan,TCH_C7F77440,"Lawson, Gerald",Attendance,ADA%,,,Awesome AP 3,AP_98D7BF59
School 1,STU_58DBE289,8,HR,HR,HR,8Michigan,TCH_C7F77440,"Lawson, Gerald",Attendance,ADA%,,,Awesome AP 3,AP_98D7BF59
School 1,STU_93DABB72,8,HR,HR,HR,8Michigan,TCH_C7F77440,"Lawson, Gerald",Attendance,ADA%,,,Awesome AP 3,AP_98D7BF59
School 1,STU_3FC4E34B,8,HR,HR,HR,8Michigan,TCH_C7F77440,"Lawson, Gerald",Attendance,ADA%,,,Awesome AP 3,AP_98D7BF59
School 1,STU_5AD85B64,8,HR,HR,HR,8Michigan,TCH_C7F77440,"Lawson, Gerald",Attendance,ADA%,,,Awesome AP 3,AP_98D7BF59
School 1,STU_7AA074C6,8,HR,HR,HR,8Michigan,TCH_C7F77440,"Lawson, Gerald",Attendance,ADA%,,,Awesome AP 3,AP_98D7BF59
School 1,STU_B5BBE24D,8,HR,HR,HR,8Michigan,TCH_C7F77440,"Lawson, Gerald",Attendance,ADA%,,,Awesome AP 3,AP_98D7BF59
School 1,STU_B4911A5F,8,HR,HR,HR,8Michigan,TCH_C7F77440,"Lawson, Gerald",Attendance,ADA%,,,Awesome AP 3,AP_98D7BF59
School 1,STU_32B4B8A4,8,HR,HR,HR,8Michigan,TCH_C7F77440,"Lawson, Gerald",Attendance,ADA%,,,Awesome AP 3,AP_98D7BF59
School 1,STU_473F21E4,8,HR,HR,HR,8Michigan,TCH_C7F77440,"Lawson, Gerald",Attendance,ADA%,,,Awesome AP 3,AP_98D7BF59
School 1,STU_F068709E,8,HR,HR,HR,8Michigan,TCH_C7F77440,"Lawson, Gerald",Attendance,ADA%,,,Awesome AP 3,AP_98D7BF59
School 1,STU_CEDBB11C,8,HR,HR,HR,8Maryland,TCH_CE1AC804,"Rhodes, Leonard",Attendance,ADA%,,,Awesome AP 3,AP_98D7BF59
School 1,STU_56D5129A,8,HR,HR,HR,8Maryland,TCH_CE1AC804,"Rhodes, Leonard",Attendance,ADA%,,,Awesome AP 3,AP_98D7BF59
School 1,STU_FCB889A8,8,HR,HR,HR,8Maryland,TCH_CE1AC804,"Rhodes, Leonard",Attendance,ADA%,,,Awesome AP 3,AP_98D7BF59
School 1,STU_AD7C2B60,8,HR,HR,HR,8Maryland,TCH_CE1AC804,"Rhodes, Leonard",Attendance,ADA%,,,Awesome AP 3,AP_98D7BF59
School 1,STU_3D5C2560,8,HR,HR,HR,8Maryland,TCH_CE1AC804,"Rhodes, Leonard",Attendance,ADA%,,,Awesome AP 3,AP_98D7BF59
School 1,STU_EE6D9DBA,8,HR,HR,HR,8Maryland,TCH_CE1AC804,"Rhodes, Leonard",Attendance,ADA%,,,Awesome AP 3,AP_98D7BF59
School 1,STU_F91B0433,8,HR,HR,HR,8Maryland,TCH_CE1AC804,"Rhodes, Leonard",Attendance,ADA%,,,Awesome AP 3,AP_98D7BF59
School 1,STU_F772164E,8,HR,HR,HR,8Maryland,TCH_CE1AC804,"Rhodes, Leonard",Attendance,ADA%,,,Awesome AP 3,AP_98D7BF59
School 1,STU_22895B0D,8,HR,HR,HR,8Maryland,TCH_CE1AC804,"Rhodes, Leonard",Attendance,ADA%,,,Awesome AP 3,AP_98D7BF59
School 1,STU_C3E9D2C0,8,HR,HR,HR,8Maryland,TCH_CE1AC804,"Rhodes, Leonard",Attendance,ADA%,,,Awesome AP 3,AP_98D7BF59
School 1,STU_AC7152BF,8,HR,HR,HR,8Maryland,TCH_CE1AC804,"Rhodes, Leonard",Attendance,ADA%,,,Awesome AP 3,AP_98D7BF59
School 1,STU_5F471735,8,HR,HR,HR,8Maryland,TCH_CE1AC804,"Rhodes, Leonard",Attendance,ADA%,,,Awesome AP 3,AP_98D7BF59
School 1,STU_6D5ED038,8,HR,HR,HR,8Maryland,TCH_CE1AC804,"Rhodes, Leonard",Attendance,ADA%,,,Awesome AP 3,AP_98D7BF59
School 1,STU_7A2995F1,8,HR,HR,HR,8Maryland,TCH_CE1AC804,"Rhodes, Leonard",Attendance,ADA%,,,Awesome AP 3,AP_98D7BF59
School 1,STU_008A0238,8,HR,HR,HR,8Maryland,TCH_CE1AC804,"Rhodes, Leonard",Attendance,ADA%,,,Awesome AP 3,AP_98D7BF59
School 1,STU_4D882D31,8,HR,HR,HR,8OhioState,TCH_E83A2D65,"Keane, Lorraine",Attendance,ADA%,,,Awesome AP 3,AP_98D7BF59
School 1,STU_C997E181,8,HR,HR,HR,8OhioState,TCH_E83A2D65,"Keane, Lorraine",Attendance,ADA%,,,Awesome AP 3,AP_98D7BF59
School 1,STU_49EA2907,8,HR,HR,HR,8OhioState,TCH_E83A2D65,"Keane, Lorraine",Attendance,ADA%,,,Awesome AP 3,AP_98D7BF59
School 1,STU_34A71DF0,8,HR,HR,HR,8OhioState,TCH_E83A2D65,"Keane, Lorraine",Attendance,ADA%,,,Awesome AP 3,AP_98D7BF59
School 1,STU_7C73B217,8,HR,HR,HR,8OhioState,TCH_E83A2D65,"Keane, Lorraine",Attendance,ADA%,,,Awesome AP 3,AP_98D7BF59
School 1,STU_7BE3482C,8,HR,HR,HR,8OhioState,TCH_E83A2D65,"Keane, Lorraine",Attendance,ADA%,,,Awesome AP 3,AP_98D7BF59
School 1,STU_CBD4C0DB,8,HR,HR,HR,8OhioState,TCH_E83A2D65,"Keane, Lorraine",Attendance,ADA%,,,Awesome AP 3,AP_98D7BF59
School 1,STU_D96CB37C,8,HR,HR,HR,8OhioState,TCH_E83A2D65,"Keane, Lorraine",Attendance,ADA%,,,Awesome AP 3,AP_98D7BF59
School 1,STU_3F98E82A,8,HR,HR,HR,8OhioState,TCH_E83A2D65,"Keane, Lorraine",Attendance,ADA%,,,Awesome AP 3,AP_98D7BF59
School 1,STU_847D31CD,8,HR,HR,HR,8OhioState,TCH_E83A2D65,"Keane, Lorraine",Attendance,ADA%,,,Awesome AP 3,AP_98D7BF59
School 1,STU_B07373AB,8,HR,HR,HR,8OhioState,TCH_E83A2D65,"Keane, Lorraine",Attendance,ADA%,,,Awesome AP 3,AP_98D7BF59
School 1,STU_B98C6CA3,8,HR,HR,HR,8OhioState,TCH_E83A2D65,"Keane, Lorraine",Attendance,ADA%,,,Awesome AP 3,AP_98D7BF59
School 1,STU_45C45814,8,HR,HR,HR,8OhioState,TCH_E83A2D65,"Keane, Lorraine",Attendance,ADA%,,,Awesome AP 3,AP_98D7BF59
School 1,STU_212A287F,8,HR,HR,HR,8PennSt,TCH_B0017323,"Whitfield, Sandra",Attendance,ADA%,,,Awesome AP 3,AP_98D7BF59
School 1,STU_2D021B3F,8,HR,HR,HR,8PennSt,TCH_B0017323,"Whitfield, Sandra",Attendance,ADA%,,,Awesome AP 3,AP_98D7BF59
School 1,STU_B7C60462,8,HR,HR,HR,8PennSt,TCH_B0017323,"Whitfield, Sandra",Attendance,ADA%,,,Awesome AP 3,AP_98D7BF59
School 1,STU_AD0B61FA,8,HR,HR,HR,8PennSt,TCH_B0017323,"Whitfield, Sandra",Attendance,ADA%,,,Awesome AP 3,AP_98D7BF59
School 1,STU_8E6C4B2C,8,HR,HR,HR,8PennSt,TCH_B0017323,"Whitfield, Sandra",Attendance,ADA%,,,Awesome AP 3,AP_98D7BF59
School 1,STU_1DC02D20,8,HR,HR,HR,8PennSt,TCH_B0017323,"Whitfield, Sandra",Attendance,ADA%,,,Awesome AP 3,AP_98D7BF59
School 1,STU_8CA9128A,8,HR,HR,HR,8PennSt,TCH_B0017323,"Whitfield, Sandra",Attendance,ADA%,,,Awesome AP 3,AP_98D7BF59
School 1,STU_E88EAD2D,8,HR,HR,HR,8PennSt,TCH_B0017323,"Whitfield, Sandra",Attendance,ADA%,,,Awesome AP 3,AP_98D7BF59
School 1,STU_F045E624,8,HR,HR,HR,8PennSt,TCH_B0017323,"Whitfield, Sandra",Attendance,ADA%,,,Awesome AP 3,AP_98D7BF59
School 1,STU_B3848A65,8,HR,HR,HR,8PennSt,TCH_B0017323,"Whitfield, Sandra",Attendance,ADA%,,,Awesome AP 3,AP_98D7BF59
School 1,STU_C8DC4069,8,HR,HR,HR,8PennSt,TCH_B0017323,"Whitfield, Sandra",Attendance,ADA%,,,Awesome AP 3,AP_98D7BF59
School 1,STU_B4502C4B,8,HR,HR,HR,8PennSt,TCH_B0017323,"Whitfield, Sandra",Attendance,ADA%,,,Awesome AP 3,AP_98D7BF59
School 1,STU_F73FD4D5,8,HR,HR,HR,8PennSt,TCH_B0017323,"Whitfield, Sandra",Attendance,ADA%,,,Awesome AP 3,AP_98D7BF59
School 1,STU_AD9619EA,8,HR,HR,HR,8PennSt,TCH_B0017323,"Whitfield, Sandra",Attendance,ADA%,,,Awesome AP 3,AP_98D7BF59
School 1,STU_6CC3F5F9,8,HR,HR,HR,8PennSt,TCH_B0017323,"Whitfield, Sandra",Attendance,ADA%,,,Awesome AP 3,AP_98D7BF59
School 1,STU_CD81092D,8,HR,HR,HR,8PennSt,TCH_B0017323,"Whitfield, Sandra",Attendance,ADA%,,,Awesome AP 3,AP_98D7BF59
